{"value": 0.2579402909001013, "duality_measure": 49.24119631841915, "rp_norm": 4.648727865588246, "rd_norm": 1.354589739370937e-06, "_timestamp": 1711477628.3675678, "_runtime": 11.94922685623169, "_step": 99, "_wandb": {"runtime": 11}}