{"duality_measure": 1.3000066751541526, "value": -8500109.990217408, "_timestamp": 1711477253.385767, "_runtime": 11.483922958374023, "_step": 99, "_wandb": {"runtime": 10}}