{"value": -45248650.077724576, "duality_measure": 20.34376043921127, "rp_norm": 8.593193260820868e-09, "rd_norm": 3.232893261404782, "_timestamp": 1711477482.646313, "_runtime": 12.478842973709106, "_step": 99, "_wandb": {"runtime": 11}}