{"value": -37071335.03946164, "duality_measure": 8.740519279771293, "rp_norm": 4.0028730447434546e-09, "rd_norm": 3.2328818827099153, "_timestamp": 1711477464.042634, "_runtime": 11.335846900939941, "_step": 99, "_wandb": {"runtime": 10}}