{"value": 0.1125159637318147, "duality_measure": 141.4800618680182, "rp_norm": 4.314899676417125, "rd_norm": 9.816278977104447e-06, "_timestamp": 1711477542.389444, "_runtime": 12.309051036834717, "_step": 99, "_wandb": {"runtime": 11}}