{"value": 0.07411269653548488, "duality_measure": 950.6516643272735, "rp_norm": 7.641070923466037, "rd_norm": 4.952899961382868e-08, "_timestamp": 1711477606.779063, "_runtime": 14.2344970703125, "_step": 99, "_wandb": {"runtime": 12}}