{"value": -1.162602625781851, "duality_measure": 91.45228514433981, "rp_norm": 3.3633600496697764, "rd_norm": 6.080274787957155e-09, "_timestamp": 1711477519.5213099, "_runtime": 12.568968772888184, "_step": 99, "_wandb": {"runtime": 11}}