{"value": -1.1624237281235712, "duality_measure": 25.189941684549915, "rp_norm": 3.363221754882433, "rd_norm": 4.333326766593593e-09, "_timestamp": 1711477502.688179, "_runtime": 11.075642108917236, "_step": 99, "_wandb": {"runtime": 10}}