{"duality_measure": 1.5754258777016565, "value": -12492647.510725131, "_timestamp": 1711477273.697419, "_runtime": 12.296767950057983, "_step": 99, "_wandb": {"runtime": 10}}