{"value": 0.25815230694445945, "duality_measure": 58.934213045765, "rp_norm": 4.648700073797866, "rd_norm": 5.232893048002265e-07, "_timestamp": 1711477646.8642812, "_runtime": 14.031378269195557, "_step": 99, "_wandb": {"runtime": 12}}