{"value": 0.11219273469749072, "duality_measure": 143.78506581182083, "rp_norm": 4.314711407246174, "rd_norm": 1.0926379392617728e-05, "_timestamp": 1711477559.671093, "_runtime": 12.965152978897095, "_step": 99, "_wandb": {"runtime": 11}}