{"duality_measure": 0.3419178767684556, "value": -4490043.956972667, "_timestamp": 1711477020.904477, "_runtime": 11.780005931854248, "_step": 200, "x": [206427.46249216603, 0.12134088901845302, 1067727.926418098, 720895.4504733513, 19287.096786372116, 0.23994009258320637, 0.1045125081293653, 0.1055843040665384, 670594.3874492364, 0.214633664801284, 0.08159880151322349, 203977.5948415258, 0.33844563882514034, 1017211.3913512517, 683371.1428322077, 0.14936327247289516, 305187.7906254119, 0.6218096797182644, 0.5178741411218845, 0.7707639852998622, 2.4280126722107758, 0.32598853681662476, 1.0368972566936632, 0.20803651003543344, 0.36093888063338586, 897250.390089054, 0.2790636007812347, 1856203.7553507637, 286216.8764137637, 0.24170837881089605], "s": [1.5735356050249224e-06, 2.67693759108385, 3.042177820046943e-07, 4.5058050474360385e-07, 1.6841137298847916e-05, 1.3537629174539207, 3.1079723584998473, 3.0764229872281517, 4.843786718497496e-07, 1.5133785217241622, 3.980720052361572, 1.5924350624262963e-06, 0.9597463456697136, 3.1932531654219097e-07, 4.753218340373691e-07, 2.1747111407915116, 1.0643308677222652e-06, 0.5223816456900737, 0.627221853049297, 0.421428589521905, 0.13378094427865656, 0.9964214787995113, 0.3132634491708779, 1.5613701110383837, 0.8999361994407358, 3.6201857766954125e-07, 1.163971119403832, 1.7499230539360065e-07, 1.1348799183268295e-06, 1.3438590713954663], "lambda": [0.11583429487542733, -0.3140989950894618, -0.2343345831559024, -0.29658254546807783, -0.33363708802700465, -0.10665821126759226, 0.8784030544287711, -0.7170694247406635, -0.5057685662257869, 0.24760852137223563], "result": {"x": [206427.46249216603, 0.12134088901845302, 1067727.926418098, 720895.4504733513, 19287.096786372116, 0.23994009258320637, 0.1045125081293653, 0.1055843040665384, 670594.3874492364, 0.214633664801284, 0.08159880151322349, 203977.5948415258, 0.33844563882514034, 1017211.3913512517, 683371.1428322077, 0.14936327247289516, 305187.7906254119, 0.6218096797182644, 0.5178741411218845, 0.7707639852998622, 2.4280126722107758, 0.32598853681662476, 1.0368972566936632, 0.20803651003543344, 0.36093888063338586, 897250.390089054, 0.2790636007812347, 1856203.7553507637, 286216.8764137637, 0.24170837881089605], "s": [1.5735356050249224e-06, 2.67693759108385, 3.042177820046943e-07, 4.5058050474360385e-07, 1.6841137298847916e-05, 1.3537629174539207, 3.1079723584998473, 3.0764229872281517, 4.843786718497496e-07, 1.5133785217241622, 3.980720052361572, 1.5924350624262963e-06, 0.9597463456697136, 3.1932531654219097e-07, 4.753218340373691e-07, 2.1747111407915116, 1.0643308677222652e-06, 0.5223816456900737, 0.627221853049297, 0.421428589521905, 0.13378094427865656, 0.9964214787995113, 0.3132634491708779, 1.5613701110383837, 0.8999361994407358, 3.6201857766954125e-07, 1.163971119403832, 1.7499230539360065e-07, 1.1348799183268295e-06, 1.3438590713954663], "lambda": [0.11583429487542733, -0.3140989950894618, -0.2343345831559024, -0.29658254546807783, -0.33363708802700465, -0.10665821126759226, 0.8784030544287711, -0.7170694247406635, -0.5057685662257869, 0.24760852137223563], "value": -4490043.956972667, "history": [-3.090261976734061, -13.059257053058177, -82.29704696389942, -250.98596796111664, -1580.93185640009, -5234.869542780688, -24805.84916675171, -2170177.7465384603, -2170231.5676000463, -2170284.7129071285, -2184650.9185969033, -2326501.7551846844, -2624019.3561559077, -2841077.747436549, -2840999.2858718117, -3365900.328695776, -3365890.8636875935, -3569192.298453889, -3569187.5813868074, -4220870.517872167, -4220864.7318477, -4489751.226986489, -4489746.108527021, -4489761.291572949, -4489775.724677875, -4489789.435309545, -4489802.459768977, -4489814.832391511, -4489826.585840714, -4489837.751150655, -4489848.35772967, -4489858.433611318, -4489868.005339989, -4489877.098169336, -4489885.736069199, -4489893.941824306, -4489901.737051317, -4489909.1423069695, -4489916.177129688, -4489922.860012799, -4489929.208620053, -4489935.239653541, -4489940.969005703, -4489946.411758863, -4489951.582297851, -4489956.494213396, -4489961.160456179, -4489965.593311997, -4489969.804458298, -4489973.804986961, -4489977.605432709, -4489981.215810902, -4489984.645619968, -4489987.903906794, -4489990.999240154, -4489993.939773407, -4489996.7332532145, -4489999.3870304655, -4490001.908094725, -4490004.30308596, -4490006.578307012, -4490008.739750175, -4490010.793105627, -4490012.743780084, -4490014.596906798, -4490016.357366753, -4490018.0297921635, -4490019.618587588, -4490021.127934787, -4490022.561806505, -4490023.92397885, -4490025.218035565, -4490026.4473840855, -4490027.615260179, -4490028.724737672, -4490029.778737171, -4490030.780033513, -4490031.731261481, -4490032.634924594, -4490033.49340236, -4490034.308953483, -4490035.083724909, -4490035.8197557395, -4490036.51898324, -4490037.183247811, -4490037.814297771, -4490038.413793497, -4490038.983313633, -4490039.524356581, -4490040.038346526, -4490040.526635876, -4490040.990510089, -4490041.431189739, -4490041.849834907, -4490042.247547232, -4490042.625373287, -4490042.9843076775, -4490043.325294919, -4490043.649232393, -4490043.956972667], "duality_measure": 0.3419178767684556}, "_wandb": {"runtime": 11}}