{"value": 0.07392199476364504, "duality_measure": 1223.9067041948788, "rp_norm": 7.641134786759941, "rd_norm": 3.399892935324635e-08, "_timestamp": 1711477581.956052, "_runtime": 11.740350008010864, "_step": 99, "_wandb": {"runtime": 11}}